"id_zone";"INSEE_C";"LIBGEO";"EPCI";"DEP";"REG";"loypredm2";"lwr.IPm2";"upr.IPm2";"TYPPRED";"nbobs_com";"nbobs_mail";"R2_adj"
"1266";"95151";"Chauvry";"249500455";"95";"11";17,8788500655908;15,0938125414428;21,1777692872632;"maille";2;1554;0,867775078195624
"1266";"95563";"Saint-Leu-la-Forêt";"200058485";"95";"11";19,0598816628151;16,0927466703704;22,574088590444;"commune";1552;1554;0,867775078195624
"1266";"95061";"Béthemont-la-Forêt";"249500455";"95";"11";17,8788500655908;15,0938125414428;21,1777692872632;"maille";0;1554;0,867775078195624
"1293";"95074";"Boisemont";"249500109";"95";"11";18,4967479481685;15,5749670766119;21,9666393498728;"commune";240;2266;0,858227066985408
"1293";"95388";"Menucourt";"249500109";"95";"11";17,475135682433;14,6922336750444;20,7851558771589;"commune";131;2266;0,858227066985408
"1450";"95543";"Saint-Cyr-en-Arthies";"249500513";"95";"11";13,9896146717246;11,833578084468;16,5384735932244;"maille";1;1558;0,817928586612626
"1450";"95157";"Chérence";"249500513";"95";"11";13,9896146717246;11,833578084468;16,5384735932244;"maille";0;1558;0,817928586612626
"1450";"95554";"Saint-Gervais";"249500513";"95";"11";13,9896146717246;11,833578084468;16,5384735932244;"maille";0;1558;0,817928586612626
"1450";"95150";"Chaussy";"249500513";"95";"11";13,9896146717246;11,833578084468;16,5384735932244;"maille";10;1558;0,817928586612626
"1450";"95651";"Vétheuil";"249500513";"95";"11";13,9896146717246;11,833578084468;16,5384735932244;"maille";46;1558;0,817928586612626
"1450";"95429";"Montreuil-sur-Epte";"249500513";"95";"11";13,9896146717246;11,833578084468;16,5384735932244;"maille";0;1558;0,817928586612626
"1450";"95011";"Ambleville";"249500513";"95";"11";13,9896146717246;11,833578084468;16,5384735932244;"maille";4;1558;0,817928586612626
"1477";"95203";"Eaubonne";"200058485";"95";"11";19,5660812288283;16,2786716769742;23,5173693683258;"commune";2160;2287;0,831909456194198
"1477";"95014";"Andilly";"200056380";"95";"11";18,3836826919745;15,2350318843308;22,1830706942461;"commune";127;2287;0,831909456194198
"1495";"95323";"Jouy-le-Moutier";"249500109";"95";"11";17,4110111972887;15,450904660034;19,6197774552474;"commune";1091;1091;0,921598526460763
"1551";"95456";"Noisy-sur-Oise";"249500489";"95";"11";16,3599027164506;13,5899225185824;19,694477030738;"maille";20;631;0,85690347225644
"1551";"95652";"Viarmes";"200073013";"95";"11";16,8510990726082;13,9987164670501;20,2846840010821;"commune";425;631;0,85690347225644
"1551";"95056";"Belloy-en-France";"200073013";"95";"11";16,3599027164506;13,5899225185824;19,694477030738;"maille";96;631;0,85690347225644
"1551";"95566";"Saint-Martin-du-Tertre";"200073013";"95";"11";16,3599027164506;13,5899225185824;19,694477030738;"maille";90;631;0,85690347225644
"1607";"95026";"Asnières-sur-Oise";"200073013";"95";"11";16,7569170094576;13,891892630828;20,2128158576987;"maille";90;745;0,844705168033779
"1607";"95352";"Luzarches";"200073013";"95";"11";16,3293282581169;13,4955893592812;19,7580820120284;"commune";392;745;0,844705168033779
"1607";"95594";"Seugy";"200073013";"95";"11";17,123652291319;14,2278846947579;20,6087885925887;"commune";117;745;0,844705168033779
"1607";"95149";"Chaumontel";"200073013";"95";"11";17,3084219500034;14,3441184587485;20,8853176485478;"commune";146;745;0,844705168033779
"1678";"95199";"Domont";"200056380";"95";"11";17,9840939106998;15,5411085544946;20,8111044752552;"commune";1805;1805;0,904503948628391
"1695";"95392";"Mériel";"249500455";"95";"11";18,8063945074307;15,679550113334;22,5567998962131;"commune";293;554;0,865662554826775
"1695";"95678";"Villiers-Adam";"249500455";"95";"11";17,9986497290617;15,0277703826624;21,5568500063851;"maille";25;554;0,865662554826775
"1695";"95430";"Montsoult";"200073013";"95";"11";18,8958944742681;15,7814811324746;22,6249250615609;"commune";137;554;0,865662554826775
"1695";"95628";"Valmondois";"249500430";"95";"11";17,9986497290617;15,0277703826624;21,5568500063851;"maille";84;554;0,865662554826775
"1695";"95120";"Butry-sur-Oise";"249500430";"95";"11";17,9986497290617;15,0277703826624;21,5568500063851;"maille";15;554;0,865662554826775
"1707";"95487";"Persan";"249500489";"95";"11";16,890203505711;14,5438466063955;19,6150978613102;"commune";2126;2266;0,865467354486237
"1849";"95658";"Vigny";"200035970";"95";"11";16,1974144944498;13,6010433042672;19,2894199684445;"maille";47;470;0,844824806824187
"1849";"95040";"Avernes";"200035970";"95";"11";16,1974144944498;13,6010433042672;19,2894199684445;"maille";19;470;0,844824806824187
"1849";"95348";"Longuesse";"200035970";"95";"11";16,1974144944498;13,6010433042672;19,2894199684445;"maille";15;470;0,844824806824187
"1849";"95166";"Cléry-en-Vexin";"200035970";"95";"11";16,1974144944498;13,6010433042672;19,2894199684445;"maille";16;470;0,844824806824187
"1849";"95253";"Frémainville";"200035970";"95";"11";16,1974144944498;13,6010433042672;19,2894199684445;"maille";38;470;0,844824806824187
"1849";"95295";"Guiry-en-Vexin";"200035970";"95";"11";16,1974144944498;13,6010433042672;19,2894199684445;"maille";24;470;0,844824806824187
"1849";"95169";"Commeny";"200035970";"95";"11";16,1974144944498;13,6010433042672;19,2894199684445;"maille";8;470;0,844824806824187
"1849";"95690";"Wy-dit-Joli-Village";"249500513";"95";"11";16,1974144944498;13,6010433042672;19,2894199684445;"maille";12;470;0,844824806824187
"1849";"95592";"Seraincourt";"200035970";"95";"11";15,6954925896683;13,1779222009232;18,6940311132718;"commune";130;470;0,844824806824187
"1849";"95024";"Arthies";"249500513";"95";"11";16,1974144944498;13,6010433042672;19,2894199684445;"maille";6;470;0,844824806824187
"1849";"95379";"Maudétour-en-Vexin";"249500513";"95";"11";16,1974144944498;13,6010433042672;19,2894199684445;"maille";0;470;0,844824806824187
"1849";"95625";"Us";"200035970";"95";"11";16,1974144944498;13,6010433042672;19,2894199684445;"maille";27;470;0,844824806824187
"1849";"95002";"Ableiges";"200035970";"95";"11";16,1974144944498;13,6010433042672;19,2894199684445;"maille";75;470;0,844824806824187
"1889";"95680";"Villiers-le-Bel";"200055655";"95";"11";18,5793428264484;15,0221108055058;22,9789264858958;"commune";1433;1433;0,86055351954109
"1900";"95229";"Ézanville";"200056380";"95";"11";18,2179522467138;15,490621350889;21,4254661930973;"commune";504;504;0,8602060562485
"1923";"95426";"Montlignon";"200056380";"95";"11";17,8435237454031;14,9570568839321;21,2870314075494;"commune";289;885;0,864641352486452
"1923";"95574";"Saint-Prix";"200056380";"95";"11";18,893809358025;15,8336486306928;22,545405697927;"commune";396;885;0,864641352486452
"1923";"95369";"Margency";"200056380";"95";"11";19,0050872113414;15,9228062234519;22,6840253433913;"commune";200;885;0,864641352486452
"2002";"95119";"Buhy";"249500513";"95";"11";14,2980395900305;12,0628694827864;16,9473719673255;"maille";1;817;0,8524802928936
"2002";"95355";"Magny-en-Vexin";"249500513";"95";"11";15,3371855312771;12,9488141882661;18,1660850639107;"commune";758;817;0,8524802928936
"2002";"95141";"Charmont";"249500513";"95";"11";14,2980395900305;12,0628694827864;16,9473719673255;"maille";0;817;0,8524802928936
"2002";"95046";"Banthelu";"249500513";"95";"11";14,2980395900305;12,0628694827864;16,9473719673255;"maille";11;817;0,8524802928936
"2002";"95139";"La Chapelle-en-Vexin";"249500513";"95";"11";14,2980395900305;12,0628694827864;16,9473719673255;"maille";0;817;0,8524802928936
"2034";"95051";"Beauchamp";"200058485";"95";"11";17,9338689558752;15,3530996382838;20,9484510166609;"commune";614;614;0,860866031486262
"2138";"95316";"Jagny-sous-Bois";"200073013";"95";"11";17,314470809334;14,6051120628946;20,5264360941757;"maille";2;617;0,869149549934851
"2138";"95250";"Fosses";"200055655";"95";"11";18,0249392866673;15,2376911056335;21,3220253669484;"commune";268;617;0,869149549934851
"2138";"95055";"Bellefontaine";"200073013";"95";"11";17,314470809334;14,6051120628946;20,5264360941757;"maille";47;617;0,869149549934851
"2138";"95371";"Marly-la-Ville";"200055655";"95";"11";18,1556164632058;15,3366613336639;21,4927096574469;"commune";300;617;0,869149549934851
"2174";"95301";"Haute-Isle";"249500513";"95";"11";14,7406667074427;12,5172011697347;17,3590926624466;"maille";10;7284;0,853431268854547
"2181";"95580";"Saint-Witz";"200055655";"95";"11";17,7242933544768;15,3233751894567;20,5013954844428;"maille";75;842;0,889012513482501
"2181";"95604";"Survilliers";"200055655";"95";"11";17,7032117000705;15,3102521464193;20,4701856965048;"commune";336;842;0,889012513482501
"2202";"95509";"Puiseux-en-France";"200055655";"95";"11";17,5165290957774;14,5648144474461;21,0664401301053;"commune";105;473;0,75827994112384
"2202";"95331";"Lassy";"200073013";"95";"11";17,3383148844638;14,4300022667497;20,8327869584273;"maille";24;473;0,75827994112384
"2202";"95241";"Fontenay-en-Parisis";"200055655";"95";"11";17,5420871352592;14,6009275016709;21,0757036514162;"commune";130;473;0,75827994112384
"2202";"95493";"Le Plessis-Luzarches";"200073013";"95";"11";17,3383148844638;14,4300022667497;20,8327869584273;"maille";11;473;0,75827994112384
"2202";"95094";"Bouqueval";"200055655";"95";"11";17,3383148844638;14,4300022667497;20,8327869584273;"maille";27;473;0,75827994112384
"2202";"95682";"Villiers-le-Sec";"200073013";"95";"11";17,3383148844638;14,4300022667497;20,8327869584273;"maille";8;473;0,75827994112384
"2202";"95214";"Épinay-Champlâtreux";"200073013";"95";"11";17,3383148844638;14,4300022667497;20,8327869584273;"maille";4;473;0,75827994112384
"2202";"95365";"Mareil-en-France";"200073013";"95";"11";17,0140852367159;14,1688307522097;20,4306975998771;"commune";128;473;0,75827994112384
"2202";"95144";"Châtenay-en-France";"200073013";"95";"11";17,3383148844638;14,4300022667497;20,8327869584273;"maille";2;473;0,75827994112384
"2202";"95395";"Le Mesnil-Aubry";"200055655";"95";"11";17,3383148844638;14,4300022667497;20,8327869584273;"maille";34;473;0,75827994112384
"2204";"95572";"Saint-Ouen-l'Aumône";"249500109";"95";"11";18,4207590115041;15,6757359676136;21,6464709064353;"commune";2844;2844;0,860272612802927
"2225";"95197";"Deuil-la-Barre";"200056380";"95";"11";19,5628641704053;16,2885326800573;23,4954039180147;"commune";2554;2554;0,848627874076521
"2237";"95428";"Montmorency";"200056380";"95";"11";19,8301432859398;16,2025517629638;24,269916769516;"commune";2646;2669;0,871666237747585
"2237";"95489";"Piscop";"200056380";"95";"11";18,3473075346525;14,8448204426926;22,6761714680639;"maille";23;2669;0,871666237747585
"2269";"95210";"Enghien-les-Bains";"200056380";"95";"11";21,0502891639702;16,7369726710378;26,4751985078844;"commune";2747;2747;0,881527758875061
"2353";"95116";"Bruyères-sur-Oise";"249500489";"95";"11";15,5460926976099;12,8352521090562;18,8294702830307;"maille";67;1272;0,828736898332613
"2353";"95052";"Beaumont-sur-Oise";"249500489";"95";"11";15,4053723086569;12,5220811075528;18,9525601958597;"commune";1199;1272;0,828736898332613
"2353";"95058";"Bernes-sur-Oise";"249500489";"95";"11";15,5460926976099;12,8352521090562;18,8294702830307;"maille";6;1272;0,828736898332613
"2379";"95183";"Courdimanche";"249500109";"95";"11";17,9021523455634;15,5746855271581;20,5774336852528;"commune";564;702;0,894006903626659
"2379";"95181";"Courcelles-sur-Viosne";"200035970";"95";"11";15,6726279186525;13,6259513478635;18,0267241241133;"maille";26;702;0,894006903626659
"2379";"95177";"Cormeilles-en-Vexin";"200035970";"95";"11";15,6726279186525;13,6259513478635;18,0267241241133;"maille";35;702;0,894006903626659
"2379";"95483";"Le Perchay";"200035970";"95";"11";15,6726279186525;13,6259513478635;18,0267241241133;"maille";2;702;0,894006903626659
"2379";"95422";"Montgeroult";"200035970";"95";"11";15,6726279186525;13,6259513478635;18,0267241241133;"maille";30;702;0,894006903626659
"2379";"95610";"Théméricourt";"200035970";"95";"11";15,6726279186525;13,6259513478635;18,0267241241133;"maille";0;702;0,894006903626659
"2379";"95535";"Sagy";"200035970";"95";"11";15,6726279186525;13,6259513478635;18,0267241241133;"maille";34;702;0,894006903626659
"2379";"95254";"Frémécourt";"200035970";"95";"11";15,6726279186525;13,6259513478635;18,0267241241133;"maille";5;702;0,894006903626659
"2379";"95584";"Santeuil";"200035970";"95";"11";15,6726279186525;13,6259513478635;18,0267241241133;"maille";6;702;0,894006903626659
"2394";"95450";"Neuville-sur-Oise";"249500109";"95";"11";17,7610724113155;15,2048429430102;20,7470537106079;"maille";73;2153;0,899416936127471
"2402";"95427";"Montmagny";"200056380";"95";"11";19,3115231422587;15,7714246528767;23,6462421298111;"commune";726;726;0,822607265919555
"2409";"95018";"Argenteuil";"200054781";"95";"11";19,3640718420937;15,3774346063072;24,3842544550292;"commune";7596;7596;0,799179431018741
"2435";"95504";"Presles";"249500455";"95";"11";17,5591478737535;14,8970515557248;20,6969595895543;"commune";130;530;0,865456129045409
"2435";"95353";"Maffliers";"200073013";"95";"11";18,4813421958965;15,7055445288886;21,7477342943165;"commune";208;530;0,865456129045409
"2435";"95452";"Nointel";"249500489";"95";"11";18,2783703114336;15,5338030683073;21,5078573980084;"maille";38;530;0,865456129045409
"2435";"95436";"Mours";"249500489";"95";"11";18,2783703114336;15,5338030683073;21,5078573980084;"maille";56;530;0,865456129045409
"2435";"95445";"Nerville-la-Forêt";"249500455";"95";"11";18,2783703114336;15,5338030683073;21,5078573980084;"maille";60;530;0,865456129045409
"2435";"95660";"Villaines-sous-Bois";"200073013";"95";"11";18,2783703114336;15,5338030683073;21,5078573980084;"maille";38;530;0,865456129045409
"2466";"95042";"Baillet-en-France";"200073013";"95";"11";17,9408191810833;15,380957356739;20,9267203219507;"commune";143;474;0,864694251323875
"2466";"95091";"Bouffémont";"200056380";"95";"11";18,0904911523396;15,5341539441104;21,0675052732405;"maille";98;474;0,864694251323875
"2466";"95028";"Attainville";"200056380";"95";"11";18,0904911523396;15,5341539441104;21,0675052732405;"maille";34;474;0,864694251323875
"2466";"95409";"Moisselles";"200056380";"95";"11";18,3264973365743;15,75100810994;21,3231116562953;"commune";199;474;0,864694251323875
"2499";"95268";"Garges-lès-Gonesse";"200055655";"95";"11";18,645674436929;14,5414133641846;23,9083482809335;"commune";703;703;0,760376871842277
"2564";"95218";"Éragny";"249500109";"95";"11";18,6168303784447;15,7768826682541;21,9679882666031;"commune";1060;1060;0,877597836502955
"2565";"95313";"L'Isle-Adam";"249500455";"95";"11";19,5745166784291;15,391515037678;24,8943461547566;"commune";1810;1987;0,79199346658305
"2565";"95304";"Hédouville";"249500430";"95";"11";17,6831310513831;13,8434524025584;22,5877992488781;"maille";0;1987;0,79199346658305
"2565";"95134";"Champagne-sur-Oise";"249500489";"95";"11";17,6448326478771;13,4805369447245;23,0955280526441;"commune";130;1987;0,79199346658305
"2565";"95529";"Ronquerolles";"249500489";"95";"11";17,6831310513831;13,8434524025584;22,5877992488781;"maille";47;1987;0,79199346658305
"2574";"95424";"Montigny-lès-Cormeilles";"200058485";"95";"11";18,2156080255009;15,5576336027217;21,3276893010674;"commune";1245;1245;0,854386370158613
"2619";"95462";"Omerville";"249500513";"95";"11";14,6810314498217;12,4068587143937;17,3720592288687;"maille";0;665;0,840650524693286
"2619";"95676";"Villers-en-Arthies";"249500513";"95";"11";14,6810314498217;12,4068587143937;17,3720592288687;"maille";12;665;0,840650524693286
"2619";"95309";"Hodent";"249500513";"95";"11";14,6810314498217;12,4068587143937;17,3720592288687;"maille";0;665;0,840650524693286
"2619";"95008";"Aincourt";"249500513";"95";"11";14,6810314498217;12,4068587143937;17,3720592288687;"maille";29;665;0,840650524693286
"2619";"95656";"Vienne-en-Arthies";"249500513";"95";"11";14,6810314498217;12,4068587143937;17,3720592288687;"maille";6;665;0,840650524693286
"2619";"95270";"Genainville";"249500513";"95";"11";14,6810314498217;12,4068587143937;17,3720592288687;"maille";36;665;0,840650524693286
"2656";"95063";"Bezons";"200058519";"95";"11";19,6982211207352;16,0901975267985;24,1152984402536;"commune";3620;3620;0,832798902462285
"2717";"95277";"Gonesse";"200055655";"95";"11";18,3190961588419;15,0798232565864;22,2541921325451;"commune";1407;4124;0,811994894080546
"2731";"95205";"Écouen";"200055655";"95";"11";17,9991127594077;15,4481633365919;20,9712995044849;"commune";555;584;0,903446932006673
"2731";"95492";"Le Plessis-Gassot";"200055655";"95";"11";16,8577792389471;14,4681393404433;19,6421056075044;"maille";29;584;0,903446932006673
"2766";"95585";"Sarcelles";"200055655";"95";"11";18,0425381578785;13,0959890944445;24,857472072621;"commune";1483;1483;0,729204634404925
"2769";"95539";"Saint-Brice-sous-Forêt";"200056380";"95";"11";18,6522424797391;15,9214427278375;21,851421097329;"commune";1465;1465;0,896849930651711
"2836";"95288";"Groslay";"200056380";"95";"11";18,0285028318539;15,2056472205996;21,375408073248;"commune";489;489;0,882087305910317
"2871";"95219";"Ermont";"200058485";"95";"11";19,0381681607649;16,0395558687617;22,5973742591879;"commune";3289;3289;0,868173709853335
"2881";"95088";"Bonneuil-en-France";"200055655";"95";"11";17,5236133729146;14,1662605732041;21,676646709735;"maille";85;505;0,779856964198995
"2881";"95019";"Arnouville";"200055655";"95";"11";18,1476369784564;14,6827956740169;22,4301103967988;"commune";420;505;0,779856964198995
"2904";"95582";"Sannois";"200058485";"95";"11";19,8222424355882;16,4376779401158;23,9036983573159;"commune";2309;2309;0,839803414107167
"2934";"95555";"Saint-Gratien";"200056380";"95";"11";20,4172813839672;16,8277044094473;24,7725636824272;"commune";1774;1774;0,875567823463831
"2943";"95675";"Villeron";"200055655";"95";"11";15,5471845612348;12,7743707390998;18,921867285506;"commune";119;1617;0,842928055053785
"2943";"95351";"Louvres";"200055655";"95";"11";17,4997884695369;14,4158662047352;21,2434405348424;"commune";1200;1617;0,842928055053785
"2943";"95154";"Chennevières-lès-Louvres";"200055655";"95";"11";15,8094762857625;13,0183508049815;19,1990171546497;"maille";9;1617;0,842928055053785
"2943";"95641";"Vémars";"200055655";"95";"11";16,7483321998189;13,7846273081968;20,3492357975245;"commune";289;1617;0,842928055053785
"2954";"95637";"Vauréal";"249500109";"95";"11";17,7793321066079;15,6843451415871;20,1541503520543;"commune";976;976;0,880653226654137
"2962";"95212";"Épiais-lès-Louvres";"200055655";"95";"11";17,4420958902708;14,8234351683739;20,5233608532571;"maille";14;502;0,865445317168676
"2962";"95633";"Vaudherland";"200055655";"95";"11";17,4420958902708;14,8234351683739;20,5233608532571;"maille";3;502;0,865445317168676
"2962";"95527";"Roissy-en-France";"200055655";"95";"11";18,7481205270317;15,9129205158082;22,0884672268004;"commune";456;502;0,865445317168676
"2966";"95280";"Goussainville";"200055655";"95";"11";17,9730324399694;14,8159129517435;21,802901794869;"commune";954;1170;0,835035172853996
"2966";"95612";"Le Thillay";"200055655";"95";"11";18,32393071495;15,1242848065705;22,2004836023995;"commune";216;1170;0,835035172853996
"2968";"95256";"Frépillon";"200058485";"95";"11";17,906367814436;15,3657175818621;20,8671027954044;"commune";103;756;0,861755258707828
"2968";"95060";"Bessancourt";"200058485";"95";"11";18,0225870532557;15,4567509762622;21,0143544779244;"commune";653;756;0,861755258707828
"2972";"95488";"Pierrelaye";"200058485";"95";"11";17,9628687684424;15,0147927095002;21,4897841505415;"commune";1001;1001;0,835445140567523
"2998";"95170";"Condécourt";"200035970";"95";"11";14,6508803984353;12,4536915417465;17,2357164724792;"maille";52;599;0,875182142666819
"3002";"95491";"Le Plessis-Bouchard";"200058485";"95";"11";18,6694471955519;16,3244459343098;21,3513071126622;"commune";770;770;0,913297894496805
"3022";"95598";"Soisy-sous-Montmorency";"200056380";"95";"11";19,285397760345;15,9240493311316;23,3562807449737;"commune";1481;1481;0,864887147293211
"3029";"95257";"La Frette-sur-Seine";"200058485";"95";"11";18,6993269123218;15,4327862113787;22,6572714858236;"commune";348;2796;0,825636581797004
"3029";"95176";"Cormeilles-en-Parisis";"200058485";"95";"11";19,088077168265;15,7757440558315;23,0958798958809;"commune";2448;2796;0,825636581797004
"3031";"95308";"Hérouville-en-Vexin";"249500430";"95";"11";16,1736356642491;13,7086628257826;19,0818385370081;"maille";19;991;0,857623338806845
"3031";"95328";"Labbeville";"249500430";"95";"11";16,1736356642491;13,7086628257826;19,0818385370081;"maille";27;991;0,857623338806845
"3031";"95611";"Theuville";"200035970";"95";"11";16,1736356642491;13,7086628257826;19,0818385370081;"maille";1;991;0,857623338806845
"3031";"95387";"Menouville";"249500430";"95";"11";16,1736356642491;13,7086628257826;19,0818385370081;"maille";9;991;0,857623338806845
"3031";"95039";"Auvers-sur-Oise";"249500430";"95";"11";17,3543093775384;14,719599125259;20,4606152252139;"commune";417;991;0,857623338806845
"3031";"95394";"Méry-sur-Oise";"249500455";"95";"11";17,7781137841109;15,0764451926601;20,9639159418472;"commune";518;991;0,857623338806845
"3044";"95252";"Franconville";"200058485";"95";"11";18,4081920513142;15,7580584538012;21,5040155861541;"commune";4761;4761;0,85931188409812
"3059";"95078";"Boissy-l'Aillerie";"200035970";"95";"11";16,3315961050951;13,6736346524797;19,5062277235547;"commune";155;11403;0,8712280491826
"3059";"95271";"Génicourt";"249500430";"95";"11";17,4273107305493;14,6341289569856;20,7536205394815;"maille";5;11403;0,8712280491826
"3059";"95127";"Cergy";"249500109";"95";"11";18,4859725636576;15,5345623606836;21,9981209441206;"commune";11217;11403;0,8712280491826
"3059";"95510";"Puiseux-Pontoise";"249500109";"95";"11";17,4273107305493;14,6341289569856;20,7536205394815;"maille";26;11403;0,8712280491826
"391";"95447";"Neuilly-en-Vexin";"200035970";"95";"11";15,0070630543104;12,4225601708591;18,129269524035;"maille";24;475;0,851338120644617
"391";"95459";"Nucourt";"200035970";"95";"11";15,0070630543104;12,4225601708591;18,129269524035;"maille";7;475;0,851338120644617
"391";"95303";"Le Heaulme";"200035970";"95";"11";15,0070630543104;12,4225601708591;18,129269524035;"maille";7;475;0,851338120644617
"391";"95298";"Haravilliers";"200035970";"95";"11";15,0070630543104;12,4225601708591;18,129269524035;"maille";4;475;0,851338120644617
"525";"95287";"Grisy-les-Plâtres";"200035970";"95";"11";16,4187408873445;14,2498945107498;18,9176875746272;"maille";52;1901;0,880983399370483
"525";"95341";"Livilliers";"249500430";"95";"11";16,4187408873445;14,2498945107498;18,9176875746272;"maille";9;1901;0,880983399370483
"525";"95627";"Vallangoujard";"249500430";"95";"11";16,4187408873445;14,2498945107498;18,9176875746272;"maille";23;1901;0,880983399370483
"525";"95213";"Épiais-Rhus";"249500430";"95";"11";16,4187408873445;14,2498945107498;18,9176875746272;"maille";17;1901;0,880983399370483
"525";"95476";"Osny";"249500109";"95";"11";18,0925073294003;15,7127195004693;20,8327286345706;"commune";1792;1901;0,880983399370483
"525";"95102";"Bréançon";"200035970";"95";"11";16,4187408873445;14,2498945107498;18,9176875746272;"maille";8;1901;0,880983399370483
"624";"95541";"Saint-Clair-sur-Epte";"249500513";"95";"11";11,3055089207566;9,43903566748389;13,5410582669594;"maille";78;484;0,815645621664478
"637";"95523";"La Roche-Guyon";"249500513";"95";"11";13,0645451123962;10,9531174040969;15,5829918275133;"maille";50;690;0,83943207908522
"637";"95101";"Bray-et-Lû";"249500513";"95";"11";13,0645451123962;10,9531174040969;15,5829918275133;"maille";43;690;0,83943207908522
"637";"95012";"Amenucourt";"249500513";"95";"11";13,0645451123962;10,9531174040969;15,5829918275133;"maille";3;690;0,83943207908522
"685";"95480";"Parmain";"249500455";"95";"11";17,4678955371213;14,5164578844384;21,0194096194001;"commune";248;634;0,821077382642048
"685";"95446";"Nesles-la-Vallée";"249500430";"95";"11";15,961099007775;13,2490477784092;19,2283012180808;"maille";91;634;0,821077382642048
"685";"95258";"Frouville";"249500430";"95";"11";15,961099007775;13,2490477784092;19,2283012180808;"maille";22;634;0,821077382642048
"685";"95023";"Arronville";"249500430";"95";"11";15,961099007775;13,2490477784092;19,2283012180808;"maille";13;634;0,821077382642048
"685";"95059";"Berville";"200035970";"95";"11";15,961099007775;13,2490477784092;19,2283012180808;"maille";15;634;0,821077382642048
"720";"95211";"Ennery";"249500430";"95";"11";16,3508501489161;13,7182897337679;19,4886028638264;"commune";114;6020;0,874366927404272
"720";"95500";"Pontoise";"249500109";"95";"11";17,7934447111851;15,0120451324776;21,0901760483682;"commune";5906;6020;0,874366927404272
"783";"95607";"Taverny";"200058485";"95";"11";18,0525885912185;15,557182420672;20,9482633828829;"commune";2424;2424;0,890565849609682
"798";"95306";"Herblay-sur-Seine";"200058485";"95";"11";19,5908631515971;16,7431740628103;22,9228889089255;"commune";2420;2420;0,887443794427431
"83";"95370";"Marines";"200035970";"95";"11";15,124373225876;12,5496089212895;18,2273939299847;"commune";344;554;0,84289213881768
"83";"95142";"Chars";"200035970";"95";"11";14,5356612856752;12,1298205081547;17,4186789383925;"commune";188;554;0,84289213881768
"83";"95110";"Brignancourt";"200035970";"95";"11";14,4568196862363;12,0227928189753;17,3836178155287;"maille";9;554;0,84289213881768
"83";"95054";"Le Bellay-en-Vexin";"200035970";"95";"11";14,4568196862363;12,0227928189753;17,3836178155287;"maille";2;554;0,84289213881768
"83";"95438";"Moussy";"200035970";"95";"11";14,4568196862363;12,0227928189753;17,3836178155287;"maille";3;554;0,84289213881768
